"","x"
"1","'Meanwhile eastland' #alanthomsonphotography #eastland #eastlandshoppingcentre #jbhifi #myer‚Ä¶ https://t.co/qJ68v7OM1K"
"2","RT https://t.co/s3JYDoFse3 #Job #Australia #Myer Visual Merchandise Operative Full Time in #Perth WA, https://t.co/tFxvTLvnDb"
"3","#Job #Australia #Myer Visual Merchandise Operative Full Time in #Perth WA, https://t.co/GhkUTU1mJW"
"4","#Myer wow with dramatic 'fashion moments' Autumn launch - https://t.co/AlNHozisVK"
"5","@myer Wouldn't it make sense if your gift registries connected with your online store? Having to phone up? #behindthetimes"
"6","RT @NWSTampaBay: How cold? The windchill in Boston, MA is currently -32 degrees! Tampa &amp; Ft Myer are 80-85 degrees warmer. Brrr #flwx https‚Ä¶"
"7","@jessie_myer @samueljh_"
"8","https://t.co/jA4yzDQCQg IG @vydia Snapchat: vydiarishie (at Myer Melbourne) https://t.co/wZs4Zc4Fx3"
"9","hbd Samuel!! much love for summer trips, late night movies, and gooey butter donutsÌ†ΩÌ≤ôÌ†ΩÌ≤ô https://t.co/5hxvdnS38v"
"10","RT @NWSTampaBay: How cold? The windchill in Boston, MA is currently -32 degrees! Tampa &amp; Ft Myer are 80-85 degrees warmer. Brrr #flwx https‚Ä¶"
"11","RT @NWSTampaBay: How cold? The windchill in Boston, MA is currently -32 degrees! Tampa &amp; Ft Myer are 80-85 degrees warmer. Brrr #flwx https‚Ä¶"
"12","More of Becca: "" I am the Adam's apple of my parents eye"""
"13","Becca is promoting our lyft driver to CEO.......?"
"14","RT @NWSTampaBay: How cold? The windchill in Boston, MA is currently -32 degrees! Tampa &amp; Ft Myer are 80-85 degrees warmer. Brrr #flwx https‚Ä¶"
"15","RT @NWSTampaBay: How cold? The windchill in Boston, MA is currently -32 degrees! Tampa &amp; Ft Myer are 80-85 degrees warmer. Brrr #flwx https‚Ä¶"
"16","How cold? The windchill in Boston, MA is currently -32 degrees! Tampa &amp; Ft Myer are 80-85 degrees warmer. Brrr #flwx https://t.co/dNWleMXTwJ"
"17","RT @KassidySteen: *talking about the presidential election* 
Aleia: ""so what do you think of that Bill Gates guy?"""
"18","#Internship #US Marketing Intern - Paid Internship: Spectrum Promotions, Inc. - Fort Myer... https://t.co/cV2f2YadFu #Journalism #Florida"
"19","RT @nakagawa_ho: „Éè„ÉÉ„Éî„Éº„Éê„É¨„É≥„Çø„Ç§„É≥ https://t.co/tjTfobLnQv"
"20","RT @FemaleTexts: Mood: https://t.co/XiSwW8HxBb"
"21","I just bought a $50 jacket for $8 from Myer
BarGAIN"
"22","@oliverkirby @andybutler_ @LeightonCauchi @dylanclark CHANGE FOR LOVE PLAYING IN MYER ASDFGHJKL"
"23","@Aussie_Kozzy Your first mistake was expecting a @myer's retail assistant to know anything about products."
"24","I just tried to buy an iron at @myer in Belco and received the worst customer service, the helper couldn't of known any less if he tried."
"25","Ss spend 80% of app usage on Snapchat. Ways to incorp as a T for Ss &amp; Ps. #physed @PhysedNow @smsandino @erik_myer  https://t.co/BVjbntiumI"
"26","Wow Myer... is this really the only way we can sell women's clothes - by trying to suffocate them?! Awful, awful,... https://t.co/lJeyeyMbSW"
"27","@michellekimx HAPPY BIRTHDAY MICHELLE !Ì†ºÌæÅÌ†ºÌæâÌ†ºÌæàÌ†ºÌæä I love you soooo sooo much &amp; can't wait till Myer ball next year Ì†ΩÌ±äÌ†ºÌøº‚ù§Ô∏èÌ†ΩÌ≤ò https://t.co/J74wFfnW0D"
"28","RT @myer: Hope you're having a beautiful Valentine's Day! X https://t.co/teVt5QYTHO"
"29","–ë–∞–π–æ–Ω–Ω–µ vs Marseille B 19:00 https://t.co/RZrg6562Od"
"30","@charley_myer *nation"
"31","RT @hopkinsbecca: @charley_myer serving my national right"
"32","@charley_myer serving my national right"
"33","""If you want good luck go into the first stall, there was a penny tails up and I flipped it to heads"" -@hopkinsbecca Ì†ΩÌ∏ÇÌ†ΩÌ∏Ç dude"
"34","@charley_myer lol wrong words"
"35","RT @realmadrid: 3' GOOOOOOOOOL GOOOOOOL!!!!!! de @Cristiano

#HalaMadrid #RMLiga https://t.co/UbUEePuocn"
"36","RT @realmadrid: 87' ¬°GOOOOOOOOOOOOOOOOOOOOOOOOOOOOOOOOOOL de @Cristiano! Real Madrid 4-1 Athletic. 

#RMLiga #HalaMadrid https://t.co/rWThX‚Ä¶"
"37","""Party doesn't start till 10 dollars"" -@hopkinsbecca Ì†ΩÌ∏Ç"
"38","Hi @myer any news on a renovation at your 'first ever store' in Australia being Bendigo? In desperate need of some TLC. #renovation"
"39","RT @JoyceAboytes: All these couples n I'm just here like :/"
"40","El myer es historia, el manana un misterio ynel hoy es un reg lo pl que llamamos presente"
"41","@myer23 Have no fear. Grammie and PopPop love you. Ì†ΩÌ∏Ä‚ù§Ô∏èÌ†ΩÌ∏Ä"
"42","RT @itsAaronWall: idk if im hungry or bored"
"43","@TheresaMechele @realDonaldTrump about that... 
If you think Trump won the debate you may have been watching the wrong one"
"44","RT @DLoesch: Good debate night for Rubio, Cruz, and while I‚Äôm not a fan of Jeb, even him. He made Trump so mad Trump went hoarse from yelli‚Ä¶"
"45","""do you want to come to my baby shower,I'm having a pepperoni baby""-Natalie Myer @SabrinaBurian @AldridgeKayleee"
"46","RT @Thomasismyuncle: I wish Trump folks and Cruz folks would be honest... Rubio had the best debate and no one will hate you for saying tha‚Ä¶"
"47","Ë™∞„ÇÇ„ÉÅ„Éß„Ç≥„Åè„Çå„Å™„ÅÑ„Åã„ÇâËá™ÂàÜ„ÅßË≤∑„Å£„Å¶È£ü„Åπ„Çã(._.) https://t.co/EufTsSIXWS"
"48","–ú—ç—Ä –ö–∞–∑–∞–Ω–∏ –Ω–∞–∑–Ω–∞—á–∏–ª 19-–ª–µ—Ç–Ω–µ–≥–æ —Å—ã–Ω–∞ –∑–∞–º–µ—Å—Ç–∏—Ç–µ–ª–µ–º –≥–µ–Ω–¥–∏—Ä–µ–∫—Ç–æ—Ä–∞ ¬´–†—É–±–∏–Ω–∞¬ª #–ö–∞–∑–∞–Ω—å #–¢–∞—Ç–∞—Ä—Å—Ç–∞–Ω https://t.co/OgBcda62Wq"
"49","RT @RedNationRising: If you think the problem w/ Stalin was his tone #YouMightBeASandersSupporter https://t.co/gk3gsk80dc"
"50","Vote for #BernieSanders because Stalin was so great"
"51","'Meanwhile eastland' #alanthomsonphotography #eastland #eastlandshoppingcentre #jbhifi #myer‚Ä¶ https://t.co/qJ68v7OM1K"
"52","RT @iPrestonBanks: sick of people pretending they care and pretending they want to talk to you and want you in their life and yet they make‚Ä¶"
"53","I want to steal a Oscar Myer weenie mobile because it would be funny to hear the news"
"54","RT @susChase: I might disappear for a whole week V(^_^)V
Might just completely vanish and nobody would notice Ì†ΩÌ±ª 
Have a nice weekend everyo‚Ä¶"
"55","RT @itsAaronWall: SO SINCE V-DAY IS TOMORROW YOU CAN GET 2x THE ENTRIES FOR MY HUSHED EVENT. HURRY AND GO JOIN NOW HURRRRRayyyy https://t.c‚Ä¶"
"56","Cada dia le quijro mas que myer y menos que manana."
"57","„Åä„ÅØ„Çà„Éº"
"58","Hope you're having a beautiful Valentine's Day! X https://t.co/teVt5QYTHO"
"59","RT @pimvandorst: Finger Control Technique http://t.co/HkWNqPqUfO if you want the hole shabang jojo myer fingercontrole end  joe morrelo ."
"60","Racing Fashion loves Myer Autumn Looks for 2016. #goldenslipper #annamott #racingfashion‚Ä¶ https://t.co/tcF3xmkbWH"
"61","Notice how Cruz has no longer says Dad was a hero against  Castro. &amp; Rubio Dad was no refugee. He Worked 4 myer lansky htls &amp; casinos."
"62","RT @susChase: ""Will your mouth still remember the taste of my love?"" https://t.co/JE2M7yV6rD"
"63","RT @RealGrantAustin: I want to be able to make HUGE impacts on people's lives"
"64","RT @iPrestonBanks: Nothing is sexier than someone who's down for you and only you and shows you that without hesitation"
"65","RT @Orychu: my bed is so comfy I could lay in it for days"
"66","Happy Hearts Day"
"67","RT @SDBRuben: This weather sucks, why is it so damn hot"
"68","RT @itsandrewoods: T - The
G - Grind 
I - Includes
F - Friday"
"69","RT @Carson_Key: Practicing for tomorrow's show.Ì†ΩÌ∏à https://t.co/Ny1IhUFDQ0"
"70","RT @AnimaIposts: so cute it hurts Ì†ΩÌ∏çÌ†ΩÌ∏≠ https://t.co/fxg7DfKVt3"
"71","RT @Michaelleblanc_: Live with purpose or your life will fade away"
"72","RT @itsandrewoods: if u ever meet someone who makes ur life flow easier and makes u laugh a lot keep them, that‚Äôs all u need"
"73","RT @susChase: Bear: *walks into a bar ""I'll have a Coke and.... A water""
Bartender: alright a Coke and some water but why the long pause?
B‚Ä¶"
"74","RT @susChase: @susChase I'm funny"
"75","Jeb,GWBush nominated Harriet Myer. She was his personal attorney, never judged a case. Ever. Bush failed!! Roberts was confirmed.#GOPDebate"
"76","RT @WorldDanceVines: Still wishing I could dance like this Ì†ΩÌ∏© https://t.co/2TkHSV2XbD"
"77","@worldofBG @DavidJonesStore try @myer instead.."
"78","RT @iPrestonBanks: Why cheat? When you have a female 110% down for you?"
"79","RT @theejamisons: To me,

Happy Valentines! 

Love from,
Me"
"80","RT @meanpIastic: WHY AM I SO ENTERTAINED BY THIS Ì†ΩÌ∏ÇÌ†ΩÌ∏≠ https://t.co/ffbkhgM04A"
"81","RT @RealGrantAustin: Reevaluating and rethinking life right now to the max"
"82","RT @twaimz: today i learned that goats CAN CLIMB MOUNTAINS. LIKE ROCK CLIMBING. i can't even walk on rocks without tripping goats on that u‚Ä¶"
"83","RT @Josh_allen9: Reunited with my bro @1KMOON Ì†ΩÌ∏à
Should we do a meet and greet at the North Wood mall tomorrow in South Carolina? https://t.‚Ä¶"
"84","RT @1KMOON: w/ the homie Ì†ΩÌ∏à @Josh_allen9 should we do a meet n greet at the north wood  mall tomorrow? https://t.co/4OO4AOJeiw"
"85","Marshi! Happy Valentine's Day!  I love you! https://t.co/pEctRjEbJ4"
"86","Testing out some 360 views  https://t.co/sGA6mbTTuD"
"87","RT @Lala_is_Laura: How come only music can make better after something bad happens listening to ""long way home"" by @Carson_Key"
"88","RT @vibrantics: I only just got homeÌ†ΩÌ∏©"
"89","RT @susChase: Will you be my girl?"
"90","RT @Iamhannahstone: my cover of Force of Nature by @BeaMiller Ì†ΩÌπÉ https://t.co/3K3qYA744g"
"91","RT @vibrantics: Messy room, messy life https://t.co/7JCqERQx7d"
"92","Apparently I'm a entertainer according to Myer Briggs Ì†ΩÌ∏Ç #extrovert"
"93","RT @vibrantics: Ew it's Valentines Day"
"94","RT @ObeyAlexandxr: Will you be my valentine? Ì†ΩÌπà‚ù§Ô∏è"
"95","RT @ItsChandlerYo: So I'm just gonna say this that all of you are my Valentine‚ù§Ô∏èÌ†ΩÌ∏ç and I must say you're all very beautiful and I'm very luc‚Ä¶"
"96","RT @LoganPaul: SDSU Ì†ΩÌ≤• https://t.co/eoDcfVObr8"
"97","RT @Carson_Key: People make threats like I don't know shooters... Ì†ΩÌ¥´ Like I don't stay prepared. Ì†ΩÌ¥™ it's actually amusing."
"98","RT @BlakeFPerry: How are you so cute without trying Ì†ΩÌ∏©Ì†ΩÌ≤ï"
"99","I'm at @Myer_mystore in Adelaide, SA https://t.co/Qqx9xM7JY0"
"100","@sophiemonk @myer swear I just saw you in Phuket White room nightclub last night dancing with another two girls in front of me?!"
"101","RT @_nataliedejesus: Nothing's better then pizza and soda"
"102","Not ready for another long night at work.."
"103","RT @dr0pitlo: Ever since I was a little girl I've always wanted to go to my dream school and now I can!!! Ì†ΩÌ∞äÌ†ΩÌ∏ç #UF20 #GoGators"
"104","Enter to win Boss Edition Michael Vick in @EAMaddenMobile from @mutheadsite! https://t.co/4wWf1wPa39"
"105","RT @josie13211: @Henjam48 @shockresistant2 @o_haworth @kelliekelly23 @HFMarti all great but for me E.L James Ì†ΩÌ∏ú &amp; Stephanie Myer Ì†ΩÌ±çÌ†ºÌøºÌ†ΩÌ±çÌ†ºÌøºÌ†ΩÌ∏ÄÌ†ΩÌ∏Ä"
"106","@Henjam48 @shockresistant2 @o_haworth @kelliekelly23 @HFMarti all great but for me E.L James Ì†ΩÌ∏ú &amp; Stephanie Myer Ì†ΩÌ±çÌ†ºÌøºÌ†ΩÌ±çÌ†ºÌøºÌ†ΩÌ∏ÄÌ†ΩÌ∏Ä"
"107","Myer pushes for more adventurous shopping with 'no regrets' policy for returned goods https://t.co/rKSKAyy2Qi #Marketing #OOHAdvertising"
"108","Beach shades in stock @many6160 (old Myer building)Fremantle open10-5 today.
#lovesummer #Sanditoes #sand #shopping‚Ä¶ https://t.co/32NA5q85Dq"
"109","Jodi Anasta Shares Her Photo Diary Ahead Of Myer Launch ‚Ä¶ : https://t.co/VEu26qmcRZ ... https://t.co/VKBwWuTXpA"
"110","RT @SDBRuben: Honestly hate asking for favors"
"111","Check out the reward I found on My Coke Rewards: 100 FIFA Ultimate Team Points for FIFA 16. Find more here https://t.co/bQzf68yzMI"
"112","RT @Orychu: tomorrow is valentines day yikes"
"113","Who needs more sleep at night: teens or adults? Take the quiz https://t.co/KgKWHm3PiJ #MCRHealthGuru"
"114","Myer unveils its anticipated Autumn 2016 fashion¬†collection https://t.co/EonFjXwqxb https://t.co/8f2CSUalVm"
"115","RT @twituserwarse: Like if single like me Ì†ΩÌ∏Ç"
"116","RT @iPrestonBanks: Saw you at your worst and still thought you were the best"
"117","RT @ryangrim: Serious idea: Obama could nominate himself. Would put Republicans in a tricky spot"
"118","RT @ObeyAlexandxr: Like for a DM Ì†ΩÌ∏äÌ†ΩÌ≤û"
"119","RT @Michaelleblanc_: I fixed my phone Ì†ΩÌπåÌ†ºÌøº"
"120","@hankgreen @giles_cameron Ì†ΩÌ±ç"
"121","I'm at Digiplex Cinema Center - @digicamphill in Camp Hill, PA https://t.co/ZE9hdxxjlF"
"122","I need this bag in my life. Ì†ΩÌ±å @michaelkors @ Myer Brisbane City https://t.co/O1YENMZ00m"
"123","Pilgrim Dress Size 10 Myer Red Bodycon Very Good Condition Work https://t.co/J42xjr5rmj https://t.co/CoefBD7B9K"
"124","@Raugravine @1720maryknoll I'm sure Ft Myer's lovely! Is that even near Florida?!? #sozI'mfromtheUK"
"125","RT @Josh_allen9: Can I call you babygirl"
"126","Black Ops 3 Michel Myer: https://t.co/OPB6kfkVYO via @YouTube"
"127","Jodi Anasta Shares Her Photo Diary Ahead Of Myer Launch ‚Ä¶ : https://t.co/xCjyr4UnpN . https://t.co/4hdP5cYGQq"
"128","@Tobi_LeRone @1720maryknoll Mantanza Bay Restaurant Mantanza Bay Ft Myers Beach.  no, I do not know that person.  But we hv home in  Ft Myer"
"129","RT @ItsNickBufty: You are my sunshine‚òÄÔ∏è‚ù§Ô∏è"
"130","RT @Spenxerr: Ì†ΩÌ≤ñ https://t.co/ZVD7uNsWnE"
"131","RT @LukeHutchMusic: Short girls are adorable omg Ì†ΩÌ∏ç who shorter than 5'9? Ì†ΩÌ∏â"
"132","Just posted a photo https://t.co/TDaWgSekEa"
"133","Jodi Anasta covers up, while Tom Derickx opens up on Buddy at subdued Myer launch - TheAge RSS News Headlines https://t.co/lwl3j8qcBz #NOOZ"
"134","Telephone‚òéÔ∏è @ Elizabethtown College - Myer Residence Hall https://t.co/OHtsldC4s8"
"135","RT @joehovahswitnes: *walks outside* https://t.co/D86Pp3DY81"
"136","Who needs a valentine when you've got a brotherÌ†ºÌΩæÌ†ºÌΩπ #bro https://t.co/EFznimwjnZ"
"137","I thought I'd let everyone know charles has had his truck for two hours and it's fucked up already"
"138","RT @HasnaatMahmood: Me after just cleaning my room: Wow, I am never letting my room get messy again!
The next day: has anyone seen my bed"
"139","Quality time with Mr Myer... #nephewtime, #family, #portland https://t.co/6ALUKd2Nlr"
"140","RT @noahant12: New Camera!! https://t.co/4UHDyEAOfY"
"141","RT @Orychu: @nigelryans this is so tru it's actually sad"
"142","RT @susChase: But will you stay with me when I'm old and senile."
"143","RT @G_Eazy: https://t.co/T2RWNgzsTt"
"144","@luke_myer babe. Appreciate it! Ì†ΩÌ≤ñ"
"145","@xrosiemckennax rubbiiiiish. you're always welcome at HP towers if things get shit or dull! Ì†ΩÌ∏ö"
"146","The 24-year-old model spoke to Daily Mail Australia ahead of the Myer Autumn/Winter show about her proposal from fianc√© DJ Ruckus, and"
"147","RT @ItsChandlerYo: Let's go on a date‚ù§Ô∏è‚ù§Ô∏èÌ†ΩÌ∏Å just me n you baby girlÌ†ΩÌ∏ò"
"148","RT @tbhbeanz: you're my crushÌ†ΩÌ¥•

https://t.co/G1f4AKeIj4 https://t.co/Al6eCrj9Fx"
"149","RT https://t.co/s3JYDoFse3 #Job #Australia #Myer Visual Merchandise Operative Full Time in #Perth WA, https://t.co/tFxvTLvnDb"
"150","Jennifer Hawkins  Myer Spring 2015 Fashion Launch in Sydney https://t.co/oaGQfliw9z #JenniferHawkins"
"151","Julianne decorating cupcakes with Nini. @ Mount Laurel, New Jersey https://t.co/TJzlmFywau"
"152","#Job #Australia #Myer Visual Merchandise Operative Full Time in #Perth WA, https://t.co/GhkUTU1mJW"
"153","RT @On_the_bus_es: @MarionGroves @theage Same as this, apparently it's news https://t.co/2H9uRc5oI8"
"154","RT @WorldDanceVines: When you and your favorite cousin link up https://t.co/mp1l0m3WCV"
"155","RT @kimberly_myer: LIVE on #Periscope: Kimberly Myer Events! New  studio space!  https://t.co/QdzRlqXruY"
"156","RT @ObeyAlexandxr: You give me so many reasons to smile."
"157","RT @WBG2000: Hey, just wanted to let you know You're adorable ‚ù§Ô∏èÌ†ΩÌ∏ò"
"158","Can't I been in the Caribbean yet?! Fuck this cold weather! Tminus 30 days!"
"159","RT @WSHHFANS: James Hardens face Ì†ΩÌ∏ÇÌ†ΩÌ∏Ç https://t.co/9aqw3DHG1r"
"160","RT @ArbitraryVlog: Isn't Valentine's Day tomorrow????"
"161","RT @iPrestonBanks: I'm still hoping its you and me in the end"
"162","RT @RealGrantAustin: I love hotels"
"163","RT @itsdrosenberg: Still need to find a valentine Ì†ΩÌ∏èÌ†ΩÌπà"
"164","RT @Spenxerr: Cute mate @elliotelmer https://t.co/e2XJz3nkyI"
"165","RT @United6Fam: Who wants to be our valentines Ì†ΩÌ∏ä‚ù§Ô∏è"
"166","lmao like you"
"167","RT @elliotelmer: @Spenxerr thanks bro https://t.co/vLuSCzWrsW"
"168","I like a challenge not that easy shit"
"169","RT @ItsNickBufty: Your smiles the prettiest babe ‚ò∫Ô∏èÌ†ΩÌ∏ª"
"170","RT @twaimz: a girl just gave me toilet paper with donald trump's face on it.
*thinks about every horrible thing i can do with donald trump ‚Ä¶"
"171","RT @EvanMelchior24: ""I will be mad if you forget your roots."" Never broÌ†ΩÌ±åÌ†ºÌøº @GavinBunkelman"
"172","RT @tbhbeanz: Everyone please go see Deadpool it's so good! Ì†ΩÌ∏ÅÌ†ΩÌ¥•"
"173","RT @iPrestonBanks: My only relationship goal is to be with someone who makes me happy and will do anything to keep it that way."
"174","RT @susChase: Love yourself"
"175","RT @Jamie0Sharp: Hey guys Ì†ΩÌ∏ò like for a DM of love x"
"176","RT @vibrantics: Hey guysÌ†ΩÌ≤ô"
"177","RT @Spenxerr: T R A P S O U L"
"178","RT @JoyceAboytes: Bye https://t.co/FlbHBPhWZZ"
"179","RT @myer: Find out who wore what at last night's #myerautumn16 Fashion Launch on the blog now &gt; https://t.co/ymjjYRJ1SL https://t.co/IXr9WQ‚Ä¶"
"180","The Myer Centre Adelaide Daily is out! https://t.co/ErEA33fHDv Stories via @parakev"
"181","52 Ancestors: #5 Myer #Krueger https://t.co/I13jkdeCxl #52in52 #Belarus"
"182","3G AIS 3:45 https://t.co/aHhRhwHK4i"
"183","RT @fit2Bsmart: @erik_myer @bdevore7 @MLSPE @chadtriolet @pe2themax @AndrewWymer10s start spreading the word #rockthisparty @SHOUThouseMN T‚Ä¶"
"184","I'm at Harvest Seasonal Grill &amp; Wine Bar - @harvest_hbg in Harrisburg, PA https://t.co/p9LmftLqjk"
"185","OLD LARGE PHOTO, 1st MYER DEPARTMENT STORE, BENDIGO VICTORIA c1910 https://t.co/bwjx8WkCio https://t.co/VXKswQfXay"
"186","#verborgenverleden Jochem Myer gaat helemaal los over zijn voorgeslacht #duitsland"
"187","Thank you for the 100 followers!"
"188","RT @bhicarchief: Kijktip! Vanavond Jochem Myer in ‚ÄòVerborgen verleden‚Äô | @NPO2, 20:30 uur #verver https://t.co/XuD8XwLb4M"
"189","I'm at Mack And Myer For Hires Mioney Pit in Parkvilke, MD https://t.co/PP70kdvIQD"
"190","RT @laurent_boutin: Derni√®res finitions pour le nouveau si√®ge #SNCFReseau https://t.co/uOwgtnrQnz"
"191","RT @bhicarchief: Kijktip! Vanavond Jochem Myer in ‚ÄòVerborgen verleden‚Äô | @NPO2, 20:30 uur #verver https://t.co/XuD8XwLb4M"
"192","Michael Collins Piper - JFK Assassination - Myer Lansky Permindex Mossad https://t.co/jgsnU3Vdix via @YouTube"
"193","Need to be in San Diego"
"194","Myer and Ben &lt;3 https://t.co/T9FIcvtzvK"
"195","#–ì–ª–∞–≤–∞ –∞–¥–º–∏–Ω–∏—Å—Ç—Ä–∞—Ü–∏–∏ –ß–µ–±–æ–∫—Å–∞—Ä –æ—Ç–≤–µ—Ç–∏–ª –∑–∞ –≤—Å–µ https://t.co/PFd6DxPca3 https://t.co/qAR5ZVK0rL"
"196","So I pretty much just dropped a gallon of milk on the ground in Fred Myer....Ì†ΩÌ∏≥ #isuck #mess #milk #fredmyer"
"197","Jodi Anasta Shares Her Photo Diary Ahead Of Myer Launch ‚Ä¶ : https://t.co/xCjyr4UnpN ,,, https://t.co/JVtkQ3v31n"
"198","RT @bhicarchief: Kijktip! Vanavond Jochem Myer in ‚ÄòVerborgen verleden‚Äô | @NPO2, 20:30 uur #verver https://t.co/XuD8XwLb4M"
"199","Well my head phone jack doesn't work anymore either.."
"200","fort myer sucks"
"201","RT @fit2Bsmart: @erik_myer @bdevore7 @MLSPE @chadtriolet @pe2themax @AndrewWymer10s start spreading the word #rockthisparty @SHOUThouseMN T‚Ä¶"
"202","@neiltyson you've probably gotten this question before: Have you taken a Myer-Briggs test?"
"203","Myer Brigg Test (similar to Myers-Briggs/MBTI) https://t.co/GDGytmvlXJ"
"204","wat is Jochem Myer toch een pop.
#verborgenverleden"
"205","Nicole Trunfio - Myer Spring Summer 2015 Fashion Launch in Sydney https://t.co/Ub2t2JL9xm #NicoleTrunfio"
"206","Photo: Albert J Myer,US Army Signal Corps officer,tent,c1861 https://t.co/f5WvlAamGK https://t.co/1tHIfwP4ny"
"207","Photo: Albert J Myer,US Army Signal Corps officer,sword,c1861 https://t.co/BjAGhdbWLX https://t.co/W4Ct5j3Fjd"
"208","RT @fit2Bsmart: @erik_myer @bdevore7 @MLSPE @chadtriolet @pe2themax @AndrewWymer10s start spreading the word #rockthisparty @SHOUThouseMN T‚Ä¶"
"209","RT @kimberly_myer: LIVE on #Periscope: Kimberly Myer Events! New  studio space!  https://t.co/QdzRlqXruY"
"210","Gigi Hadid Promoting Guess at Myer Macquarie Centre in Sydney, August 2015 https://t.co/eQvyFyyDkc #GigiHadid"
"211","RT @LoganPaul: The amount of different ways to cook an egg is overwhelming"
"212","LIVE on #Periscope: Kimberly Myer Events! New  studio space!  https://t.co/QdzRlqXruY"
"213","|REPLAY| On site with Kimberly Myer Events! @kimberly_myer #katch #Periscope https://t.co/EowCmf10RN https://t.co/m5gy3flp8S"
"214",".@MrInKredible on #Periscope: On site with Kimberly Myer Events! @kimberly_myer https://t.co/w5vpYKK6bV"
"215","LIVE on #Periscope: On site with Kimberly Myer Events! @kimberly_myer  https://t.co/cDBJ3JhMst"
"216","#Structural Engineer #jobs #jobsearch #Europe: #FL-Fort Myers, Structural Engineer - Buildings (441) Fort Myer... https://t.co/mRTogK6Wq6"
"217","People that read books in school as a hobby were nerds...L7..weeeeeeenies...Oscar myer even..square. ..the kids a square. .don't be a rob L"
"218","The Promise of Tomorrow Walter E. Myer Clay Coss Civic Educatioon Service 1938 https://t.co/lrotCdqz6o https://t.co/aXIURzVyBh"
"219","Comedy gold. https://t.co/tNDAYDVJBx"
"220","GOOD LUCK PRINCESS YOURE GONNA BE THE MOST BEAUTIFUL GIRL AT MYER‚ù§Ô∏è Jesses so lucky https://t.co/xOUOFUrb5u https://t.co/eWC5zn6iTN"
"221","GOOD LUCK PRINCESS YOURE GONNA BE THE MOST BEAUTIFUL GIRL AT MYER‚ù§Ô∏è Jesses so lucky https://t.co/sUunc3Z0Ud https://t.co/OX3mCZFBHQ"
"222","RT @itsandrewoods: another day in the gym life"
"223","RT @itsandrewoods: like this if you would meet me if I came to your city for a m&amp;g"
"224","RT @Spenxerr: So tomorrow is pretty non depressing"
"225","@jordanaaa_xo GOOD LUCK PRINCESS YOURE GONNA BE THE MOST BEAUTIFUL GIRL AT MYER‚ù§Ô∏è Jesses so lucky"
"226","The homie from up north Myer Clarity just came with the new visuals for his new video, the song is straight up... https://t.co/7NQbQufjBc"
"227","@MarionGroves @theage Same as this, apparently it's news https://t.co/2H9uRc5oI8"
"228","RT @itsandrewoods: baby girl what's your name.. Ì†ºÌæ§"
"229","My week on Twitter: 3 New Followers, 3 Mentions, 909 Mention Reach, 2 Favorited. How's your audience growing? via https://t.co/cwSf5aXOih"
"230","RT @1245Josh: You never realise how much something/someone means to you till it's/they've gone"
"231","@cchopz @A2K4Life @Poetic_Brains @504jweezy The Oscar Myer 12s https://t.co/K5YAl9F7O5"
"232","RT @ben_dover1998: I just want kanye to drop already smh"
"233","RT @bhicarchief: Kijktip! Vanavond Jochem Myer in ‚ÄòVerborgen verleden‚Äô | @NPO2, 20:30 uur #verver https://t.co/XuD8XwLb4M"
"234","RT @twaimz: in the bathroom and i see this. two types of people and i'm obviously the second one https://t.co/Kcqd3MXM5Q"
"235","RT @Ibrycehall: loren and joey aren't ready for me today Ì†ΩÌ∏à"
"236","RT @bhicarchief: Kijktip! Vanavond Jochem Myer in ‚ÄòVerborgen verleden‚Äô | @NPO2, 20:30 uur #verver https://t.co/XuD8XwLb4M"
"237","@_rissaaaaa_ that's worse than feet!"
"238","‡πÅ‡∏Æ‡∏õ‡∏õ‡∏µ‡πâ‡πÄ‡∏ö‡∏¥‡∏£‡πå‡∏ó‡πÄ‡∏î‡∏¢‡πå‡∏™‡∏≤‡∏°‡∏™‡∏≤‡∏ß‡∏ß‡∏≤‡πÄ‡∏•‡∏ô‡πÑ‡∏ó‡∏ô‡πå (‡πÅ‡∏°‡πâ‡πÉ‡∏´‡∏°‡πà‡∏à‡∏∞‡∏ö‡∏≠‡∏Å‡∏ß‡πà‡∏≤‡∏≠‡∏µ‡∏Å‡∏™‡∏≠‡∏á‡∏Ñ‡∏ô‡πÄ‡∏Å‡∏¥‡∏î‡∏ß‡∏±‡∏ô‡∏°‡∏≤‡∏Ü‡∏∞‡∏Å‡πá‡∏ï‡∏≤‡∏°) ‡∏Ç‡∏≠‡πÉ‡∏´‡πâneariza‚Ä¶ https://t.co/E5Sfrwgt4E"
"239","RT @Ibrycehall: I drew this on him while he was sleeping Ì†ΩÌ∏Ç #mature https://t.co/s9rZW2DsML"
"240","RT @1245Josh: I liked a @YouTube video from @oclipseyt https://t.co/OYg9KxJAtL DO U WANNA GET POCKED? GONE WRONG !!!"
"241","sum1 eat marissas ass"
"242","Myer &amp; Shang 2 thumbs UP!!! https://t.co/qAl7oZ6zQx"
"243","@ryanleslie73 last time I saw you standing around for a long time was when you player Myer in high school basketball."
"244","RT @Michaelleblanc_: I broke my iPhone today"
"245","RT @itsAaronWall: I HAVE A HUGE ANNOUNCEMENT LATER TONIGHT FOR YOU GUYSÌ†ΩÌ∏â stay active today Ì†ΩÌ∏ä"
"246","RT @Spenxerr: The grind continues https://t.co/3liT4adu1B"
"247","RT @CjBaxter_: I JUST ATE 3 MUFFINS"
"248","RT @1245Josh: Strive to be the best! Don't let anything stop you..."
"249","RT @brewerma: Why The Myer-Briggs Personality Test Is Ineffective And Meaningless - https://t.co/rGzYRZcP7P https://t.co/3XcWPkZ5C0"
"250","Kijktip! Vanavond Jochem Myer in ‚ÄòVerborgen verleden‚Äô | @NPO2, 20:30 uur #verver https://t.co/XuD8XwLb4M"
"251","RT @tomorrowland: Who will be joining your partycrew? #Tomorrowland https://t.co/zJzIiIUFWY"
"252","#Myer wow with dramatic 'fashion moments' Autumn launch - https://t.co/AlNHozisVK"
"253","RT @ObeyAlexandxr: Good morning baby girl Ì†ΩÌ∏áÌ†ΩÌ∏ò https://t.co/BMzudf8f7K"
